FirstName,LastName,DOB,Phone,Email,Address,City,State,Zip
Andrew,Rogers,1971-01-02,179-025-2479,dsilva@yahoo.com,5149 Vanessa Plain Apt. 296,Clintonberg,WA,95873
Alex,Downs,1993-02-28,940-044-4006,derrickgraham@hotmail.com,0321 Wilson Flats,Millerville,OR,96871
Melanie,Williams,1976-06-19,734-953-2260,zthompson@hotmail.com,18672 Stephanie Forest Apt. 024,Jayville,OR,95739
Benjamin,Franklin,1991-03-18,000-285-0854,stevensmartin@hotmail.com,7355 Elliott Lake,Hughesbury,CA,97467
Michael,Rodriguez,1973-01-20,245-520-9537,smithadrian@brown.com,89471 Ramirez Curve Suite 149,Reedshire,WA,95836
Molly,Hanson,1988-04-16,140-857-5358,qjenkins@gonzalez-chandler.com,3060 Jennifer Courts,Michaelshire,CA,92613
James,Wise,2001-02-15,488-850-3367,dylan60@simmons.com,5505 Morton Ranch,New Evanfurt,OR,97123
Mary,Hays,1975-02-16,446-911-7447,vincent82@yahoo.com,7273 Stephanie Village Apt. 701,North Charles,WA,97425
Cynthia,Brown,1993-05-12,513-444-6852,lindsay11@carroll-stone.com,7661 Roberts Locks,Milesborough,WA,96077
Alexander,Brown,1988-11-01,736-088-7306,frostblake@yahoo.com,032 Nicole Trafficway,North Elizabethfurt,CA,91027
Anthony,Russell,1978-04-13,336-787-1395,heather10@hotmail.com,61892 Michael Passage,Lake Matthew,OR,95789
Joseph,Pruitt,1989-11-13,320-000-4616,sean83@boyd.biz,1049 Anna Landing,Rogersmouth,OR,98660
Anthony,Willis,1978-08-20,686-231-6008,mariah71@wilcox-hayes.com,0789 Johnson Groves,Angelafort,CA,94420
Jennifer,Stafford,1989-05-09,631-206-4274,randall91@yahoo.com,12627 Nguyen Pines,Port Eugenefort,CA,91220
Michael,Howell,1981-11-15,503-011-0877,lisaingram@hernandez.org,44280 Olson Points,East Nicole,OR,95648
Jonathan,Powell,2000-03-23,448-002-1599,nlewis@johnson-smith.net,6143 Donald Canyon Apt. 372,Lake Mackenzie,OR,98474
Sara,Munoz,1990-03-24,534-630-3745,tracy42@yahoo.com,9744 Bowen Squares Suite 763,North Rebekahfurt,CA,90620
Nicholas,Henderson,1975-07-16,484-332-4067,jose18@pineda.com,9765 Michael Port,Port Kristinastad,WA,97406
Valerie,Lewis,1985-08-04,895-433-9602,andrewtran@hotmail.com,926 Donald Rest Apt. 659,Lake Ericstad,CA,92417
Tara,Smith,1996-06-09,469-506-1584,zmiller@curtis-jenkins.net,84064 Laurie Ramp Apt. 323,South Cassandramouth,CA,93112
Melvin,Ramirez,1987-05-11,266-009-7945,kimberly88@hotmail.com,598 James Union Apt. 845,Nealport,WA,92608
Kevin,Barnes,1982-03-11,112-175-4491,garciatravis@barrett.com,664 Benjamin Vista Apt. 262,Walterschester,CA,93192
Kathleen,Rogers,1992-11-06,334-964-7642,aaronconrad@hernandez.com,149 Michael Spring Apt. 884,Lopezton,CA,94813
Joseph,Yang,1981-12-03,829-670-0233,turnerjohnathan@yahoo.com,05454 Walls Lake Apt. 589,Rebeccabury,CA,94463
Rachel,Holder,1985-12-24,555-911-1207,aaron20@hotmail.com,28566 Bishop Island,South Jacob,CA,97222
Courtney,Phillips,2003-01-27,343-017-8505,coopercathy@gmail.com,624 Stevenson Lake,Joseshire,CA,93486
Jessica,Brown,1981-07-18,055-285-3871,collinskimberly@hotmail.com,42147 Samantha Station,Port Tonyafort,CA,90789
Maria,Bentley,1972-06-18,137-051-2472,ngonzalez@gmail.com,9425 Andrew Trace Suite 525,Scottton,OR,90410
Edgar,Wright,1972-02-17,556-928-8763,steven33@lin.org,03919 Leblanc Forest,Leeburgh,OR,93919
Dominique,Hayes,1982-08-03,152-903-9453,drobinson@yahoo.com,02585 Andrea Manor,New Emily,CA,91107
Gary,Lowe,1986-09-01,282-664-1236,osalas@turner.com,779 Marshall Parkway Suite 764,New Stevenstad,OR,98678
Angela,Taylor,1991-05-18,879-967-4127,randy36@hotmail.com,473 Fisher River Apt. 401,East Destiny,CA,98839
Alexander,Brown,1971-02-05,557-885-5427,mpadilla@gmail.com,51551 Daugherty Fords Apt. 399,Campbellbury,OR,91706
Samantha,Glenn,1992-12-07,938-937-0002,matthew22@hotmail.com,32318 Jones Tunnel Apt. 710,Michelletown,OR,93043
Linda,Reyes,1986-04-29,711-757-3957,zbrown@yahoo.com,24484 Duffy Key Apt. 736,East Joseph,WA,98339
Sherri,Tyler,1981-09-02,404-104-3536,nathansmith@gordon-carter.com,6315 Nathan Road,Hammondbury,OR,96349
Natalie,Kelly,1972-06-17,526-474-0375,eesparza@ochoa-carpenter.info,36437 Pitts Street,West Carolineshire,CA,92394
Lorraine,Roth,1984-03-04,901-907-1586,matthew51@alvarado.com,448 Rodriguez Brooks,Rebeccastad,CA,96194
Eddie,Holmes,1990-06-03,617-297-6746,dominguezstephanie@hardy.com,2926 Cortez Shore,East Nicholasland,OR,93633
Ricky,Diaz,1977-01-18,093-051-4219,maxwellashley@davis.net,49098 Victoria Ridges Apt. 702,South Stephaniefurt,CA,98164
Jose,Prince,2000-09-30,875-901-0835,nparrish@gmail.com,983 Robert Corner,New Larryville,OR,99252
Kendra,Roman,2000-04-16,658-155-5264,jmcdowell@hotmail.com,22072 Case Cliff Suite 604,New Stephen,WA,96969
Courtney,Moore,1995-07-29,760-826-3618,irivera@campbell.com,400 Patel Port Suite 971,New Julie,CA,95894
Loretta,Morgan,1976-10-26,136-130-9863,tblair@gmail.com,030 Mcmillan Shoals,Brianview,WA,97665
Mary,Jones,1997-03-08,056-934-5285,jerickson@cooper.com,2309 Megan Parks,West Leslie,OR,99411
Gary,Shelton,1997-11-04,688-952-8256,christian94@shields.com,225 Holloway Fields,Joshuaberg,WA,95945
Bob,Hardy,1973-11-29,992-260-0045,juliecolon@yahoo.com,8186 Andrea Brooks Suite 323,Anthonychester,CA,95529
Dawn,Rubio,1984-07-23,236-970-6943,martha26@lawrence.com,95482 Hernandez Island,Lake Jose,WA,92445
Michael,Mueller,1985-04-11,186-156-9689,patrick96@ortiz-walker.com,15921 Fowler Corners Suite 461,Taylorburgh,CA,90479
Melinda,Davidson,1986-02-16,240-705-3573,lorimartinez@johnson.net,6108 Cantrell Court Apt. 907,Lake Lucas,WA,94452
Melissa,Wilson,1980-09-10,438-755-9451,christopherramirez@gmail.com,489 Wells Turnpike Apt. 524,West Jasontown,OR,92251
Melinda,Shelton,1971-05-22,972-032-6582,kimberlyharrington@davis.info,63947 Gary Trail Suite 478,New Kelliefort,WA,91721
Andrew,Rivera,1983-08-30,156-393-7175,kimberlydelgado@yahoo.com,216 Erika Vista,East Alyssaview,OR,91991
April,Jordan,1973-05-05,366-752-2715,tyler58@hotmail.com,1373 Roberts Radial Suite 477,South Jessica,CA,96282
Adam,Fernandez,2000-02-26,784-804-7276,travisaguirre@wright-bell.org,51967 Colleen Fords Apt. 820,East Austin,CA,96567
Claire,Lucas,1984-04-12,905-968-3699,andersonjames@medina.org,87008 Paul Port Suite 088,New Ellen,OR,94974
Shawn,Huerta,1999-08-30,403-755-6838,tammywilliams@gmail.com,38372 Margaret Springs Apt. 084,Port Douglasville,OR,91719
Joann,Terrell,1991-04-06,540-516-5929,douglasestrada@fletcher.org,1086 Sarah Mills Apt. 141,Stantonfort,WA,95910
Sarah,Anderson,1971-06-13,906-295-2042,melissamorgan@yahoo.com,0186 Susan Stravenue,Lake Justinland,CA,96019
Edward,Greer,1979-04-06,670-843-1742,elijahclark@crawford-thompson.com,20915 Tyler Shoals Apt. 578,Rachelchester,CA,97904
Tracie,Lewis,1977-08-13,442-867-3122,jacksonmaria@gmail.com,57357 Mcgrath Walks Apt. 817,Hoffmanside,CA,94891
Kimberly,Dominguez,1981-12-26,906-511-4368,browncaroline@hotmail.com,2446 Dillon Neck Suite 168,Port Danielton,WA,92265
Lawrence,Bonilla,1982-10-12,818-212-2183,amberrodriguez@beltran.net,206 Cynthia Passage Apt. 444,West Teresaberg,WA,98900
Monique,Stephens,1980-05-23,937-794-2565,nelsonpam@schmidt-davis.com,1289 William Walk,East Matthew,CA,93733
Jaclyn,Hughes,1995-10-10,257-529-4720,erica80@larson.com,8193 Donna Prairie,Leeport,CA,90154
Sheri,Green,1985-01-23,421-926-3633,wthompson@yahoo.com,7086 Peterson Crest Apt. 413,Valdezland,OR,93382
Sharon,Mcdonald,1988-08-15,180-377-9625,mccoysarah@yahoo.com,366 Brittany Cape,North Juan,CA,91985
William,Edwards,1990-01-11,201-872-9931,zsanchez@arnold-robinson.info,8015 Morales Passage,New Daniel,OR,93607
David,Andrews,2000-10-25,138-182-3194,daviscynthia@hernandez.org,894 Rachel Port Apt. 590,Kellerview,WA,92579
Krista,Hebert,1975-12-07,898-856-1479,brettfriedman@hotmail.com,83635 Nina Islands Suite 059,New Edward,WA,94158
Andrew,Herrera,1976-02-25,207-469-9218,aschmidt@steele-white.biz,429 April Vista Apt. 646,Riverashire,CA,92226
Patrick,Smith,1980-10-27,628-217-4526,hsullivan@hotmail.com,6883 Watson Fall,South Jennifer,CA,91972
Katherine,Conley,1975-02-03,065-037-9798,heidinelson@gmail.com,135 Jacob Gateway,Martinland,WA,95161
Nicole,Smith,1992-11-16,971-683-3520,williammartin@wells.com,791 William Skyway,Hillmouth,CA,98266
Sarah,Gonzalez,1977-03-11,546-991-3861,peterhernandez@gmail.com,28660 Rogers Ford Apt. 107,New Nicoleville,WA,91503
Jonathan,Barnes,1979-03-28,541-623-8476,john01@burke.info,74412 Wilson Land Apt. 799,Michaelfurt,CA,95840
Crystal,Summers,1992-06-21,154-078-5259,perezchristopher@chen.com,38534 Robinson Course Suite 201,Andrewton,OR,97609
Lisa,King,2002-06-25,459-414-6100,morgan58@young-peterson.com,9046 Katie Motorway Apt. 881,New Katherine,CA,92786
Eric,Davenport,1997-11-01,391-226-1752,katie12@hotmail.com,720 Roberts Glen,New Shannonville,WA,98573
Walter,Bailey,1980-03-12,090-039-2159,martinezjames@keller.com,0252 Rachel Cliffs Suite 900,Theodoremouth,WA,93334
Kristi,Marshall,1997-09-28,810-911-8597,thomas66@gmail.com,059 David Tunnel,Garciaville,WA,97748
Lorraine,Acosta,2001-01-14,572-648-4717,jonestaylor@yahoo.com,704 Adams Club Suite 187,East Jamieton,OR,98102
Rachel,Arias,1981-11-03,444-409-4267,courtneyknight@hotmail.com,56409 Brenda Ports,Phillipstown,CA,97098
Julia,Chandler,1977-09-27,011-097-8313,phillipslawrence@baker.net,09618 Moody Alley Apt. 133,Harrisonside,OR,92988
Monica,Miller,1984-02-04,167-365-8337,asmith@yahoo.com,64535 Gomez Shores Suite 528,Lawsonton,OR,91881
Tina,Reid,1989-06-22,897-245-5149,newmanmichelle@gmail.com,40702 Edwards Stream,Sweeneyton,CA,95783
Melissa,Brown,1974-05-14,021-483-7705,ronnie00@trevino.info,13089 Miller River Apt. 603,Andersonmouth,OR,93852
Michael,Chase,1977-06-22,947-769-4722,jessicasmith@palmer.com,0904 Joann Ranch,North Stefanie,OR,93349
Benjamin,Smith,2000-01-17,002-250-5925,ucooper@hotmail.com,42630 Heidi Terrace Suite 833,Danielburgh,CA,93264
James,Jenkins,2000-01-30,606-388-0590,cjacobs@yahoo.com,112 Powers Corner,North Susanfurt,CA,98666
Amanda,Mcclain,1984-02-07,488-846-8833,mary89@curtis.info,440 Hernandez Brook Suite 972,North Anthony,WA,96372
Rita,Robertson,1981-04-03,828-313-0870,nicholsrachel@hotmail.com,914 Jorge Ferry Apt. 020,Castromouth,WA,95731
Anita,Nicholson,2001-12-29,984-798-7029,whardy@lee-shaw.org,69581 Lewis Crossing,Port Leslieton,OR,93850
Robert,Giles,1999-10-19,929-983-7425,warrenlauren@alvarez.com,3535 Stephanie View,Jenniferstad,CA,91214
Thomas,Brown,1989-01-17,503-133-8213,shari14@mcbride.com,7517 Lewis Harbor Apt. 165,Aaronfurt,CA,96669
Vernon,Smith,1982-08-20,851-172-7336,francisconelson@hotmail.com,53480 Leslie Knoll,South Dennis,WA,95978
Steven,Terrell,1996-03-26,349-531-0233,corey25@hotmail.com,2522 Graves Port Apt. 821,New Janet,OR,98373
Beverly,Davis,1985-09-09,290-395-5818,alexandrasherman@yahoo.com,4043 Williams Drive,Teresamouth,OR,99337
Nancy,Alvarado,1986-01-02,746-818-7513,lloydbryan@gmail.com,84142 Foster Track,Andrewton,CA,90361
Benjamin,Allen,1992-05-10,437-419-7074,allensteven@jones.com,4042 Baker Lodge Suite 956,South Beverlymouth,CA,96328
