Phone,Email,Address,City,State,Zip
398-104-5042,thomas@pawsibleshelters.com,19670 Cynthia Hill Suite 528,Jeffreyside,OR,94908
650-354-1337,combs@pawsibleshelters.com,24223 Paula Locks Apt. 084,Lake Sarah,OR,97035
775-858-2296,robinson@pawsibleshelters.com,14988 Kevin Place Apt. 857,South Rachelfort,CA,99278
997-041-4031,brown@pawsibleshelters.com,21598 Dominguez Turnpike,Lake Lisaport,OR,96692
096-263-6111,black@pawsibleshelters.com,7891 Kenneth Camp Apt. 185,Moralesbury,CA,90033
972-905-3112,conner@pawsibleshelters.com,614 William Mews,Port Tammy,WA,92500
287-793-6622,cruz@pawsibleshelters.com,61008 Gray Fort,Moranside,WA,97157
936-308-9499,curtis@pawsibleshelters.com,8983 Williams Walks Apt. 854,West Chris,WA,99011
298-785-2691,lee@pawsibleshelters.com,681 Valencia Pine,Gabrielleland,OR,94057
380-641-8886,gibson@pawsibleshelters.com,700 Campbell Estate Suite 308,Port Alex,CA,93648
